user_id,event_id,liked_at
17720e73-d5e7-453e-a551-bec783cd8968,80edd5c0-40cd-4e55-96d6-51bc6431e15b,2025-04-23 01:14:19
17720e73-d5e7-453e-a551-bec783cd8968,282aedae-ae42-48fa-8a25-ad3f4a4d725a,2025-04-02 03:14:19
17720e73-d5e7-453e-a551-bec783cd8968,d46fd89c-402c-47f9-8348-1d5d4f4dfc19,2025-04-10 21:14:19
17720e73-d5e7-453e-a551-bec783cd8968,0bc2b803-a4b2-4904-87c7-778e4e0dc386,2025-04-11 02:14:19
17720e73-d5e7-453e-a551-bec783cd8968,d86e87d6-6eb1-454e-9d7f-18f7fd617736,2025-04-16 09:14:19
17720e73-d5e7-453e-a551-bec783cd8968,592abf8b-8e14-4cbf-877e-39073ddf7e14,2025-04-22 12:14:19
17720e73-d5e7-453e-a551-bec783cd8968,647ff3b8-c03b-4241-bc45-41498236e958,2025-03-31 07:14:19
17720e73-d5e7-453e-a551-bec783cd8968,93f9aca4-8ce9-4085-ab83-2b4c6be24536,2025-04-16 14:14:19
17720e73-d5e7-453e-a551-bec783cd8968,730c8652-243b-4952-b801-5a6892121f4d,2025-04-12 14:14:19
17720e73-d5e7-453e-a551-bec783cd8968,3295f28f-ae27-4aef-9282-f339d86f01e6,2025-04-22 14:14:19
17720e73-d5e7-453e-a551-bec783cd8968,76f9e3a4-e9b1-4558-84b8-df7d0f0c207e,2025-03-28 11:14:19
17720e73-d5e7-453e-a551-bec783cd8968,61951655-c53c-4d63-b106-0d49a2d2bda0,2025-04-25 19:14:19
17720e73-d5e7-453e-a551-bec783cd8968,7d5c9055-9283-4e29-8919-977c7c3924ae,2025-04-19 03:14:19
1e702b18-4868-4f29-b585-bc4bf05ec314,a89392fe-19fa-480c-9ff3-aee2a92abfb0,2025-03-29 11:14:19
1e702b18-4868-4f29-b585-bc4bf05ec314,7eea0579-8f63-4e3e-ae94-9b0fb54d1560,2025-04-22 20:14:19
1e702b18-4868-4f29-b585-bc4bf05ec314,ec2dff2b-f43f-477e-9779-a01203b3c75f,2025-04-21 22:14:19
1e702b18-4868-4f29-b585-bc4bf05ec314,3295f28f-ae27-4aef-9282-f339d86f01e6,2025-04-02 01:14:19
1e702b18-4868-4f29-b585-bc4bf05ec314,d86e87d6-6eb1-454e-9d7f-18f7fd617736,2025-04-19 09:14:19
1e702b18-4868-4f29-b585-bc4bf05ec314,8791b6c1-ada6-4161-aaef-785c126bfb59,2025-03-31 14:14:19
1e702b18-4868-4f29-b585-bc4bf05ec314,a6b291cc-d7b8-492a-b76c-7140ad0481de,2025-03-30 07:14:19
1e702b18-4868-4f29-b585-bc4bf05ec314,81e73472-aa8f-480f-ba90-2d920861dac4,2025-04-07 18:14:19
1e702b18-4868-4f29-b585-bc4bf05ec314,0bc2b803-a4b2-4904-87c7-778e4e0dc386,2025-04-08 21:14:19
1e702b18-4868-4f29-b585-bc4bf05ec314,592abf8b-8e14-4cbf-877e-39073ddf7e14,2025-04-25 09:14:19
1e702b18-4868-4f29-b585-bc4bf05ec314,9b0a3c24-3ee4-494b-998f-0db426e0d562,2025-04-26 21:14:19
28f1f033-6f43-4a85-9301-98bfb7279c77,fedb3ea8-4a2b-4915-be0e-6ce5bc931bb9,2025-04-24 21:14:19
28f1f033-6f43-4a85-9301-98bfb7279c77,3295f28f-ae27-4aef-9282-f339d86f01e6,2025-03-31 19:14:19
28f1f033-6f43-4a85-9301-98bfb7279c77,1a213842-3b9b-4e5e-899e-765e24f5bd95,2025-04-05 03:14:19
28f1f033-6f43-4a85-9301-98bfb7279c77,76f9e3a4-e9b1-4558-84b8-df7d0f0c207e,2025-04-07 14:14:19
28f1f033-6f43-4a85-9301-98bfb7279c77,850571e6-5543-416f-b135-20ea0f82c45d,2025-04-11 04:14:19
28f1f033-6f43-4a85-9301-98bfb7279c77,f55bcbcb-80d5-4f53-ab85-86c378a282d1,2025-03-30 01:14:19
28f1f033-6f43-4a85-9301-98bfb7279c77,6bb03cb2-f7d7-4b01-aff8-2d72c8290b43,2025-04-16 07:14:19
28f1f033-6f43-4a85-9301-98bfb7279c77,491f5a55-311b-4666-9bd0-9803ec55acad,2025-03-29 14:14:19
28f1f033-6f43-4a85-9301-98bfb7279c77,f6433938-b9b5-4fc0-9655-3a9d7366d1a2,2025-04-08 17:14:19
28f1f033-6f43-4a85-9301-98bfb7279c77,0611d11b-5bb4-48be-a1a4-f43d0d4c9da7,2025-04-10 17:14:19
28f1f033-6f43-4a85-9301-98bfb7279c77,7d5c9055-9283-4e29-8919-977c7c3924ae,2025-04-23 08:14:19
28f1f033-6f43-4a85-9301-98bfb7279c77,592abf8b-8e14-4cbf-877e-39073ddf7e14,2025-04-25 16:14:19
28f1f033-6f43-4a85-9301-98bfb7279c77,8791b6c1-ada6-4161-aaef-785c126bfb59,2025-04-18 03:14:19
28f1f033-6f43-4a85-9301-98bfb7279c77,730c8652-243b-4952-b801-5a6892121f4d,2025-04-05 16:14:19
28f1f033-6f43-4a85-9301-98bfb7279c77,708315a8-6234-4854-96b1-561e1c4263d5,2025-04-13 04:14:19
2b5e2680-b6cd-44a6-8155-9e06804708a0,0bc2b803-a4b2-4904-87c7-778e4e0dc386,2025-04-13 06:14:19
2b5e2680-b6cd-44a6-8155-9e06804708a0,d46fd89c-402c-47f9-8348-1d5d4f4dfc19,2025-04-08 09:14:19
2b5e2680-b6cd-44a6-8155-9e06804708a0,d86e87d6-6eb1-454e-9d7f-18f7fd617736,2025-04-19 22:14:19
2b5e2680-b6cd-44a6-8155-9e06804708a0,730c8652-243b-4952-b801-5a6892121f4d,2025-04-26 04:14:19
2b5e2680-b6cd-44a6-8155-9e06804708a0,0530e5a0-a0fa-4bc9-bb51-7ffbe612c483,2025-04-15 10:14:19
2b5e2680-b6cd-44a6-8155-9e06804708a0,38daae54-12c6-4fee-a3a6-27ff9231bcab,2025-04-20 18:14:19
2b5e2680-b6cd-44a6-8155-9e06804708a0,647ff3b8-c03b-4241-bc45-41498236e958,2025-04-20 16:14:19
2b5e2680-b6cd-44a6-8155-9e06804708a0,f6433938-b9b5-4fc0-9655-3a9d7366d1a2,2025-04-16 17:14:19
2b5e2680-b6cd-44a6-8155-9e06804708a0,850571e6-5543-416f-b135-20ea0f82c45d,2025-04-08 03:14:19
2b5e2680-b6cd-44a6-8155-9e06804708a0,66ffb7c6-62f7-490c-8729-270732c4449f,2025-04-03 21:14:19
2b5e2680-b6cd-44a6-8155-9e06804708a0,491f5a55-311b-4666-9bd0-9803ec55acad,2025-04-25 11:14:19
2b5e2680-b6cd-44a6-8155-9e06804708a0,6bb03cb2-f7d7-4b01-aff8-2d72c8290b43,2025-04-14 04:14:19
2b5e2680-b6cd-44a6-8155-9e06804708a0,455d67a7-3b70-4d92-b4dd-5513198a7448,2025-03-29 22:14:19
2b5e2680-b6cd-44a6-8155-9e06804708a0,592abf8b-8e14-4cbf-877e-39073ddf7e14,2025-04-22 03:14:19
2b5e2680-b6cd-44a6-8155-9e06804708a0,f55bcbcb-80d5-4f53-ab85-86c378a282d1,2025-04-27 00:14:19
2b5e2680-b6cd-44a6-8155-9e06804708a0,76f9e3a4-e9b1-4558-84b8-df7d0f0c207e,2025-04-12 08:14:19
2b5e2680-b6cd-44a6-8155-9e06804708a0,fedb3ea8-4a2b-4915-be0e-6ce5bc931bb9,2025-04-23 03:14:19
2b5e2680-b6cd-44a6-8155-9e06804708a0,7eea0579-8f63-4e3e-ae94-9b0fb54d1560,2025-04-12 05:14:19
2eafb59a-c68e-4077-8835-91eb947db0d5,1a213842-3b9b-4e5e-899e-765e24f5bd95,2025-04-25 10:14:19
2eafb59a-c68e-4077-8835-91eb947db0d5,0bc2b803-a4b2-4904-87c7-778e4e0dc386,2025-04-20 19:14:19
2eafb59a-c68e-4077-8835-91eb947db0d5,d599828a-13b8-45bc-933c-56768f2084f9,2025-04-25 19:14:19
2eafb59a-c68e-4077-8835-91eb947db0d5,592abf8b-8e14-4cbf-877e-39073ddf7e14,2025-04-10 06:14:19
2eafb59a-c68e-4077-8835-91eb947db0d5,647ff3b8-c03b-4241-bc45-41498236e958,2025-04-11 17:14:19
2eafb59a-c68e-4077-8835-91eb947db0d5,07b04e83-6831-4c96-8ae4-bf6a1516a1af,2025-04-26 09:14:19
2eafb59a-c68e-4077-8835-91eb947db0d5,93f9aca4-8ce9-4085-ab83-2b4c6be24536,2025-04-24 14:14:19
2eafb59a-c68e-4077-8835-91eb947db0d5,f6433938-b9b5-4fc0-9655-3a9d7366d1a2,2025-04-07 16:14:19
2eafb59a-c68e-4077-8835-91eb947db0d5,491f5a55-311b-4666-9bd0-9803ec55acad,2025-04-08 10:14:19
2eafb59a-c68e-4077-8835-91eb947db0d5,10be1cc6-0b57-40bd-b77d-3bd727832088,2025-04-26 22:14:19
2eafb59a-c68e-4077-8835-91eb947db0d5,850571e6-5543-416f-b135-20ea0f82c45d,2025-04-24 11:14:19
2eafb59a-c68e-4077-8835-91eb947db0d5,76f9e3a4-e9b1-4558-84b8-df7d0f0c207e,2025-03-29 06:14:19
2eafb59a-c68e-4077-8835-91eb947db0d5,6bb03cb2-f7d7-4b01-aff8-2d72c8290b43,2025-04-11 13:14:19
437803f4-0027-4749-b863-09233eb83b40,38daae54-12c6-4fee-a3a6-27ff9231bcab,2025-04-21 14:14:19
437803f4-0027-4749-b863-09233eb83b40,a89392fe-19fa-480c-9ff3-aee2a92abfb0,2025-04-17 12:14:19
437803f4-0027-4749-b863-09233eb83b40,850571e6-5543-416f-b135-20ea0f82c45d,2025-04-12 11:14:19
437803f4-0027-4749-b863-09233eb83b40,7eea0579-8f63-4e3e-ae94-9b0fb54d1560,2025-03-30 20:14:19
437803f4-0027-4749-b863-09233eb83b40,66ffb7c6-62f7-490c-8729-270732c4449f,2025-04-18 15:14:19
437803f4-0027-4749-b863-09233eb83b40,d46fd89c-402c-47f9-8348-1d5d4f4dfc19,2025-04-06 11:14:19
437803f4-0027-4749-b863-09233eb83b40,f55bcbcb-80d5-4f53-ab85-86c378a282d1,2025-03-28 05:14:19
437803f4-0027-4749-b863-09233eb83b40,3295f28f-ae27-4aef-9282-f339d86f01e6,2025-04-05 18:14:19
437803f4-0027-4749-b863-09233eb83b40,730c8652-243b-4952-b801-5a6892121f4d,2025-04-08 05:14:19
437803f4-0027-4749-b863-09233eb83b40,455d67a7-3b70-4d92-b4dd-5513198a7448,2025-03-31 19:14:19
437803f4-0027-4749-b863-09233eb83b40,0530e5a0-a0fa-4bc9-bb51-7ffbe612c483,2025-04-08 13:14:19
437803f4-0027-4749-b863-09233eb83b40,76f9e3a4-e9b1-4558-84b8-df7d0f0c207e,2025-04-06 22:14:19
437803f4-0027-4749-b863-09233eb83b40,592abf8b-8e14-4cbf-877e-39073ddf7e14,2025-04-05 06:14:19
471e9f4e-8fb7-4999-9f21-db7e4c08de46,07b04e83-6831-4c96-8ae4-bf6a1516a1af,2025-04-11 13:14:19
471e9f4e-8fb7-4999-9f21-db7e4c08de46,38daae54-12c6-4fee-a3a6-27ff9231bcab,2025-04-21 04:14:19
471e9f4e-8fb7-4999-9f21-db7e4c08de46,93f9aca4-8ce9-4085-ab83-2b4c6be24536,2025-03-29 09:14:19
471e9f4e-8fb7-4999-9f21-db7e4c08de46,ec2dff2b-f43f-477e-9779-a01203b3c75f,2025-03-29 01:14:19
471e9f4e-8fb7-4999-9f21-db7e4c08de46,6bb03cb2-f7d7-4b01-aff8-2d72c8290b43,2025-04-05 23:14:19
471e9f4e-8fb7-4999-9f21-db7e4c08de46,b2a9c4ea-eff0-40cc-9eb6-e9d28d9d7689,2025-04-24 03:14:19
471e9f4e-8fb7-4999-9f21-db7e4c08de46,9b0a3c24-3ee4-494b-998f-0db426e0d562,2025-04-17 16:14:19
471e9f4e-8fb7-4999-9f21-db7e4c08de46,76f9e3a4-e9b1-4558-84b8-df7d0f0c207e,2025-04-09 08:14:19
471e9f4e-8fb7-4999-9f21-db7e4c08de46,0bc2b803-a4b2-4904-87c7-778e4e0dc386,2025-04-18 00:14:19
471e9f4e-8fb7-4999-9f21-db7e4c08de46,592abf8b-8e14-4cbf-877e-39073ddf7e14,2025-04-08 00:14:19
471e9f4e-8fb7-4999-9f21-db7e4c08de46,a89392fe-19fa-480c-9ff3-aee2a92abfb0,2025-04-09 07:14:19
471e9f4e-8fb7-4999-9f21-db7e4c08de46,61951655-c53c-4d63-b106-0d49a2d2bda0,2025-04-07 00:14:19
471e9f4e-8fb7-4999-9f21-db7e4c08de46,d599828a-13b8-45bc-933c-56768f2084f9,2025-04-10 16:14:19
471e9f4e-8fb7-4999-9f21-db7e4c08de46,fedb3ea8-4a2b-4915-be0e-6ce5bc931bb9,2025-04-18 23:14:19
471e9f4e-8fb7-4999-9f21-db7e4c08de46,f55bcbcb-80d5-4f53-ab85-86c378a282d1,2025-04-21 12:14:19
471e9f4e-8fb7-4999-9f21-db7e4c08de46,730c8652-243b-4952-b801-5a6892121f4d,2025-04-05 20:14:19
471e9f4e-8fb7-4999-9f21-db7e4c08de46,3295f28f-ae27-4aef-9282-f339d86f01e6,2025-04-08 17:14:19
471e9f4e-8fb7-4999-9f21-db7e4c08de46,66ffb7c6-62f7-490c-8729-270732c4449f,2025-04-25 09:14:19
5a2e7ea3-652f-405e-946e-3b86237cd843,647ff3b8-c03b-4241-bc45-41498236e958,2025-04-09 00:14:19
5a2e7ea3-652f-405e-946e-3b86237cd843,6bb03cb2-f7d7-4b01-aff8-2d72c8290b43,2025-04-17 05:14:19
5a2e7ea3-652f-405e-946e-3b86237cd843,38daae54-12c6-4fee-a3a6-27ff9231bcab,2025-04-07 23:14:19
5a2e7ea3-652f-405e-946e-3b86237cd843,730c8652-243b-4952-b801-5a6892121f4d,2025-04-07 07:14:19
5a2e7ea3-652f-405e-946e-3b86237cd843,0bc2b803-a4b2-4904-87c7-778e4e0dc386,2025-04-08 13:14:19
5a2e7ea3-652f-405e-946e-3b86237cd843,d599828a-13b8-45bc-933c-56768f2084f9,2025-04-03 01:14:19
5a2e7ea3-652f-405e-946e-3b86237cd843,f6433938-b9b5-4fc0-9655-3a9d7366d1a2,2025-04-25 16:14:19
5a2e7ea3-652f-405e-946e-3b86237cd843,455d67a7-3b70-4d92-b4dd-5513198a7448,2025-03-28 06:14:19
5a2e7ea3-652f-405e-946e-3b86237cd843,10be1cc6-0b57-40bd-b77d-3bd727832088,2025-04-26 01:14:19
5a2e7ea3-652f-405e-946e-3b86237cd843,7eea0579-8f63-4e3e-ae94-9b0fb54d1560,2025-04-24 15:14:19
5a2e7ea3-652f-405e-946e-3b86237cd843,c0f21334-95d7-48d5-8709-723d83da036e,2025-04-06 09:14:19
5a2e7ea3-652f-405e-946e-3b86237cd843,ec2dff2b-f43f-477e-9779-a01203b3c75f,2025-04-13 02:14:19
5a2e7ea3-652f-405e-946e-3b86237cd843,d86e87d6-6eb1-454e-9d7f-18f7fd617736,2025-03-29 17:14:19
5a2e7ea3-652f-405e-946e-3b86237cd843,7d5c9055-9283-4e29-8919-977c7c3924ae,2025-03-30 06:14:19
5a2e7ea3-652f-405e-946e-3b86237cd843,fedb3ea8-4a2b-4915-be0e-6ce5bc931bb9,2025-04-25 17:14:19
5a2e7ea3-652f-405e-946e-3b86237cd843,0611d11b-5bb4-48be-a1a4-f43d0d4c9da7,2025-04-10 18:14:19
62307f16-7c96-4667-9f92-f02be360d71c,592abf8b-8e14-4cbf-877e-39073ddf7e14,2025-03-29 04:14:19
62307f16-7c96-4667-9f92-f02be360d71c,282aedae-ae42-48fa-8a25-ad3f4a4d725a,2025-04-26 03:14:19
62307f16-7c96-4667-9f92-f02be360d71c,10be1cc6-0b57-40bd-b77d-3bd727832088,2025-04-18 02:14:19
62307f16-7c96-4667-9f92-f02be360d71c,0611d11b-5bb4-48be-a1a4-f43d0d4c9da7,2025-04-19 04:14:19
62307f16-7c96-4667-9f92-f02be360d71c,491f5a55-311b-4666-9bd0-9803ec55acad,2025-04-05 20:14:19
62307f16-7c96-4667-9f92-f02be360d71c,b2a9c4ea-eff0-40cc-9eb6-e9d28d9d7689,2025-03-28 08:14:19
62307f16-7c96-4667-9f92-f02be360d71c,9b0a3c24-3ee4-494b-998f-0db426e0d562,2025-03-28 22:14:19
62307f16-7c96-4667-9f92-f02be360d71c,8791b6c1-ada6-4161-aaef-785c126bfb59,2025-04-21 11:14:19
62307f16-7c96-4667-9f92-f02be360d71c,66ffb7c6-62f7-490c-8729-270732c4449f,2025-04-07 15:14:19
62307f16-7c96-4667-9f92-f02be360d71c,7d5c9055-9283-4e29-8919-977c7c3924ae,2025-04-17 07:14:19
62307f16-7c96-4667-9f92-f02be360d71c,38daae54-12c6-4fee-a3a6-27ff9231bcab,2025-04-08 01:14:19
62307f16-7c96-4667-9f92-f02be360d71c,ec2dff2b-f43f-477e-9779-a01203b3c75f,2025-04-15 22:14:19
62307f16-7c96-4667-9f92-f02be360d71c,109259f1-e86f-4f8d-b609-de787a1aebf5,2025-04-25 00:14:19
62307f16-7c96-4667-9f92-f02be360d71c,730c8652-243b-4952-b801-5a6892121f4d,2025-03-29 20:14:19
62307f16-7c96-4667-9f92-f02be360d71c,647ff3b8-c03b-4241-bc45-41498236e958,2025-04-26 07:14:19
62307f16-7c96-4667-9f92-f02be360d71c,61951655-c53c-4d63-b106-0d49a2d2bda0,2025-04-16 18:14:19
6625eae6-31ca-40d9-a1a6-61bb337cde8a,9b0a3c24-3ee4-494b-998f-0db426e0d562,2025-04-16 15:14:19
6625eae6-31ca-40d9-a1a6-61bb337cde8a,61951655-c53c-4d63-b106-0d49a2d2bda0,2025-04-07 17:14:19
6625eae6-31ca-40d9-a1a6-61bb337cde8a,647ff3b8-c03b-4241-bc45-41498236e958,2025-04-24 22:14:19
6625eae6-31ca-40d9-a1a6-61bb337cde8a,ec2dff2b-f43f-477e-9779-a01203b3c75f,2025-04-07 02:14:19
6625eae6-31ca-40d9-a1a6-61bb337cde8a,850571e6-5543-416f-b135-20ea0f82c45d,2025-04-22 19:14:19
6625eae6-31ca-40d9-a1a6-61bb337cde8a,80edd5c0-40cd-4e55-96d6-51bc6431e15b,2025-04-07 21:14:19
6625eae6-31ca-40d9-a1a6-61bb337cde8a,d46fd89c-402c-47f9-8348-1d5d4f4dfc19,2025-04-02 04:14:19
6625eae6-31ca-40d9-a1a6-61bb337cde8a,491f5a55-311b-4666-9bd0-9803ec55acad,2025-04-10 21:14:19
6625eae6-31ca-40d9-a1a6-61bb337cde8a,730c8652-243b-4952-b801-5a6892121f4d,2025-04-22 10:14:19
6625eae6-31ca-40d9-a1a6-61bb337cde8a,455d67a7-3b70-4d92-b4dd-5513198a7448,2025-04-02 18:14:19
6625eae6-31ca-40d9-a1a6-61bb337cde8a,7d5c9055-9283-4e29-8919-977c7c3924ae,2025-03-28 06:14:19
6625eae6-31ca-40d9-a1a6-61bb337cde8a,0bc2b803-a4b2-4904-87c7-778e4e0dc386,2025-04-21 12:14:19
6625eae6-31ca-40d9-a1a6-61bb337cde8a,109259f1-e86f-4f8d-b609-de787a1aebf5,2025-04-20 09:14:19
6a4044a5-c212-4ddc-b702-0364b36c51d1,f6433938-b9b5-4fc0-9655-3a9d7366d1a2,2025-04-10 04:14:19
6a4044a5-c212-4ddc-b702-0364b36c51d1,491f5a55-311b-4666-9bd0-9803ec55acad,2025-04-01 04:14:19
6a4044a5-c212-4ddc-b702-0364b36c51d1,b2a9c4ea-eff0-40cc-9eb6-e9d28d9d7689,2025-04-04 06:14:19
6a4044a5-c212-4ddc-b702-0364b36c51d1,38daae54-12c6-4fee-a3a6-27ff9231bcab,2025-04-25 10:14:19
6a4044a5-c212-4ddc-b702-0364b36c51d1,61951655-c53c-4d63-b106-0d49a2d2bda0,2025-04-05 06:14:19
6a4044a5-c212-4ddc-b702-0364b36c51d1,0bc2b803-a4b2-4904-87c7-778e4e0dc386,2025-04-16 18:14:19
6a4044a5-c212-4ddc-b702-0364b36c51d1,d599828a-13b8-45bc-933c-56768f2084f9,2025-04-09 07:14:19
6a4044a5-c212-4ddc-b702-0364b36c51d1,7d5c9055-9283-4e29-8919-977c7c3924ae,2025-04-17 04:14:19
6a4044a5-c212-4ddc-b702-0364b36c51d1,8d4e5557-1f32-4ff0-9b1f-e94077bbcbe0,2025-04-24 11:14:19
6a4044a5-c212-4ddc-b702-0364b36c51d1,1a213842-3b9b-4e5e-899e-765e24f5bd95,2025-04-10 08:14:19
6a4044a5-c212-4ddc-b702-0364b36c51d1,0611d11b-5bb4-48be-a1a4-f43d0d4c9da7,2025-04-18 01:14:19
6a4044a5-c212-4ddc-b702-0364b36c51d1,07b04e83-6831-4c96-8ae4-bf6a1516a1af,2025-03-29 10:14:19
6a4044a5-c212-4ddc-b702-0364b36c51d1,455d67a7-3b70-4d92-b4dd-5513198a7448,2025-03-31 10:14:19
6a4044a5-c212-4ddc-b702-0364b36c51d1,850571e6-5543-416f-b135-20ea0f82c45d,2025-03-31 04:14:19
6a4044a5-c212-4ddc-b702-0364b36c51d1,7eea0579-8f63-4e3e-ae94-9b0fb54d1560,2025-04-02 13:14:19
6a4044a5-c212-4ddc-b702-0364b36c51d1,f55bcbcb-80d5-4f53-ab85-86c378a282d1,2025-04-05 21:14:19
6a4044a5-c212-4ddc-b702-0364b36c51d1,9b0a3c24-3ee4-494b-998f-0db426e0d562,2025-04-17 06:14:19
6a4044a5-c212-4ddc-b702-0364b36c51d1,6bb03cb2-f7d7-4b01-aff8-2d72c8290b43,2025-04-11 23:14:19
79ac3ed8-1afd-411b-ba80-aa52585c42f5,0bc2b803-a4b2-4904-87c7-778e4e0dc386,2025-04-02 21:14:19
79ac3ed8-1afd-411b-ba80-aa52585c42f5,9b0a3c24-3ee4-494b-998f-0db426e0d562,2025-04-20 05:14:19
79ac3ed8-1afd-411b-ba80-aa52585c42f5,61951655-c53c-4d63-b106-0d49a2d2bda0,2025-04-18 08:14:19
79ac3ed8-1afd-411b-ba80-aa52585c42f5,d86e87d6-6eb1-454e-9d7f-18f7fd617736,2025-04-23 20:14:19
79ac3ed8-1afd-411b-ba80-aa52585c42f5,81e73472-aa8f-480f-ba90-2d920861dac4,2025-03-27 12:14:19
79ac3ed8-1afd-411b-ba80-aa52585c42f5,10be1cc6-0b57-40bd-b77d-3bd727832088,2025-04-11 07:14:19
79ac3ed8-1afd-411b-ba80-aa52585c42f5,66ffb7c6-62f7-490c-8729-270732c4449f,2025-04-18 21:14:19
79ac3ed8-1afd-411b-ba80-aa52585c42f5,d599828a-13b8-45bc-933c-56768f2084f9,2025-04-25 00:14:19
79ac3ed8-1afd-411b-ba80-aa52585c42f5,3295f28f-ae27-4aef-9282-f339d86f01e6,2025-04-02 06:14:19
79ac3ed8-1afd-411b-ba80-aa52585c42f5,7eea0579-8f63-4e3e-ae94-9b0fb54d1560,2025-04-16 19:14:19
79ac3ed8-1afd-411b-ba80-aa52585c42f5,a89392fe-19fa-480c-9ff3-aee2a92abfb0,2025-04-15 22:14:19
79ac3ed8-1afd-411b-ba80-aa52585c42f5,0530e5a0-a0fa-4bc9-bb51-7ffbe612c483,2025-04-24 21:14:19
79ac3ed8-1afd-411b-ba80-aa52585c42f5,c0f21334-95d7-48d5-8709-723d83da036e,2025-04-01 07:14:19
79ac3ed8-1afd-411b-ba80-aa52585c42f5,6bb03cb2-f7d7-4b01-aff8-2d72c8290b43,2025-04-09 16:14:19
79ac3ed8-1afd-411b-ba80-aa52585c42f5,282aedae-ae42-48fa-8a25-ad3f4a4d725a,2025-04-25 15:14:19
79ac3ed8-1afd-411b-ba80-aa52585c42f5,f55bcbcb-80d5-4f53-ab85-86c378a282d1,2025-04-02 00:14:19
79ac3ed8-1afd-411b-ba80-aa52585c42f5,8d4e5557-1f32-4ff0-9b1f-e94077bbcbe0,2025-04-26 11:14:19
8e77587a-9f39-422b-8c6a-0c96a62ed350,6bb03cb2-f7d7-4b01-aff8-2d72c8290b43,2025-04-10 08:14:19
8e77587a-9f39-422b-8c6a-0c96a62ed350,a89392fe-19fa-480c-9ff3-aee2a92abfb0,2025-04-07 03:14:19
8e77587a-9f39-422b-8c6a-0c96a62ed350,c0f21334-95d7-48d5-8709-723d83da036e,2025-04-24 07:14:19
8e77587a-9f39-422b-8c6a-0c96a62ed350,7d5c9055-9283-4e29-8919-977c7c3924ae,2025-04-16 17:14:19
8e77587a-9f39-422b-8c6a-0c96a62ed350,38daae54-12c6-4fee-a3a6-27ff9231bcab,2025-04-18 17:14:19
8e77587a-9f39-422b-8c6a-0c96a62ed350,d86e87d6-6eb1-454e-9d7f-18f7fd617736,2025-04-15 00:14:19
8e77587a-9f39-422b-8c6a-0c96a62ed350,282aedae-ae42-48fa-8a25-ad3f4a4d725a,2025-03-28 16:14:19
8e77587a-9f39-422b-8c6a-0c96a62ed350,850571e6-5543-416f-b135-20ea0f82c45d,2025-03-30 12:14:19
8e77587a-9f39-422b-8c6a-0c96a62ed350,708315a8-6234-4854-96b1-561e1c4263d5,2025-03-27 06:14:19
8e77587a-9f39-422b-8c6a-0c96a62ed350,80edd5c0-40cd-4e55-96d6-51bc6431e15b,2025-04-18 20:14:19
8e77587a-9f39-422b-8c6a-0c96a62ed350,76f9e3a4-e9b1-4558-84b8-df7d0f0c207e,2025-04-13 21:14:19
8e77587a-9f39-422b-8c6a-0c96a62ed350,1a213842-3b9b-4e5e-899e-765e24f5bd95,2025-03-28 15:14:19
8e77587a-9f39-422b-8c6a-0c96a62ed350,b2a9c4ea-eff0-40cc-9eb6-e9d28d9d7689,2025-04-04 22:14:19
8f3fdab8-248d-4fbb-90f2-469400ddaeb5,d46fd89c-402c-47f9-8348-1d5d4f4dfc19,2025-04-13 05:14:19
8f3fdab8-248d-4fbb-90f2-469400ddaeb5,7eea0579-8f63-4e3e-ae94-9b0fb54d1560,2025-03-31 20:14:19
8f3fdab8-248d-4fbb-90f2-469400ddaeb5,730c8652-243b-4952-b801-5a6892121f4d,2025-03-28 10:14:19
8f3fdab8-248d-4fbb-90f2-469400ddaeb5,07b04e83-6831-4c96-8ae4-bf6a1516a1af,2025-03-27 07:14:19
8f3fdab8-248d-4fbb-90f2-469400ddaeb5,61951655-c53c-4d63-b106-0d49a2d2bda0,2025-04-11 20:14:19
8f3fdab8-248d-4fbb-90f2-469400ddaeb5,647ff3b8-c03b-4241-bc45-41498236e958,2025-04-06 16:14:19
8f3fdab8-248d-4fbb-90f2-469400ddaeb5,850571e6-5543-416f-b135-20ea0f82c45d,2025-04-17 21:14:19
8f3fdab8-248d-4fbb-90f2-469400ddaeb5,38daae54-12c6-4fee-a3a6-27ff9231bcab,2025-04-02 14:14:19
8f3fdab8-248d-4fbb-90f2-469400ddaeb5,8791b6c1-ada6-4161-aaef-785c126bfb59,2025-04-06 10:14:19
8f3fdab8-248d-4fbb-90f2-469400ddaeb5,66ffb7c6-62f7-490c-8729-270732c4449f,2025-03-29 23:14:19
8f3fdab8-248d-4fbb-90f2-469400ddaeb5,d599828a-13b8-45bc-933c-56768f2084f9,2025-04-09 17:14:19
8f3fdab8-248d-4fbb-90f2-469400ddaeb5,10be1cc6-0b57-40bd-b77d-3bd727832088,2025-04-16 07:14:19
8f3fdab8-248d-4fbb-90f2-469400ddaeb5,93f9aca4-8ce9-4085-ab83-2b4c6be24536,2025-04-25 23:14:19
8f3fdab8-248d-4fbb-90f2-469400ddaeb5,592abf8b-8e14-4cbf-877e-39073ddf7e14,2025-04-19 20:14:19
8f3fdab8-248d-4fbb-90f2-469400ddaeb5,f6433938-b9b5-4fc0-9655-3a9d7366d1a2,2025-04-12 17:14:19
8f3fdab8-248d-4fbb-90f2-469400ddaeb5,109259f1-e86f-4f8d-b609-de787a1aebf5,2025-03-28 20:14:19
8f3fdab8-248d-4fbb-90f2-469400ddaeb5,455d67a7-3b70-4d92-b4dd-5513198a7448,2025-03-29 18:14:19
8f3fdab8-248d-4fbb-90f2-469400ddaeb5,80edd5c0-40cd-4e55-96d6-51bc6431e15b,2025-04-01 13:14:19
8f3fdab8-248d-4fbb-90f2-469400ddaeb5,8d4e5557-1f32-4ff0-9b1f-e94077bbcbe0,2025-04-03 18:14:19
8f3fdab8-248d-4fbb-90f2-469400ddaeb5,0bc2b803-a4b2-4904-87c7-778e4e0dc386,2025-04-20 08:14:19
948f93c2-4ab1-4603-9f29-74f7b3ec60df,07b04e83-6831-4c96-8ae4-bf6a1516a1af,2025-04-26 19:14:19
948f93c2-4ab1-4603-9f29-74f7b3ec60df,c0f21334-95d7-48d5-8709-723d83da036e,2025-04-23 14:14:19
948f93c2-4ab1-4603-9f29-74f7b3ec60df,93f9aca4-8ce9-4085-ab83-2b4c6be24536,2025-04-05 13:14:19
948f93c2-4ab1-4603-9f29-74f7b3ec60df,730c8652-243b-4952-b801-5a6892121f4d,2025-03-31 03:14:19
948f93c2-4ab1-4603-9f29-74f7b3ec60df,10be1cc6-0b57-40bd-b77d-3bd727832088,2025-04-16 18:14:19
948f93c2-4ab1-4603-9f29-74f7b3ec60df,0611d11b-5bb4-48be-a1a4-f43d0d4c9da7,2025-04-13 12:14:19
948f93c2-4ab1-4603-9f29-74f7b3ec60df,ec2dff2b-f43f-477e-9779-a01203b3c75f,2025-04-24 00:14:19
948f93c2-4ab1-4603-9f29-74f7b3ec60df,9b0a3c24-3ee4-494b-998f-0db426e0d562,2025-04-02 20:14:19
948f93c2-4ab1-4603-9f29-74f7b3ec60df,282aedae-ae42-48fa-8a25-ad3f4a4d725a,2025-04-15 12:14:19
948f93c2-4ab1-4603-9f29-74f7b3ec60df,491f5a55-311b-4666-9bd0-9803ec55acad,2025-04-18 12:14:19
948f93c2-4ab1-4603-9f29-74f7b3ec60df,1a213842-3b9b-4e5e-899e-765e24f5bd95,2025-03-30 08:14:19
948f93c2-4ab1-4603-9f29-74f7b3ec60df,d46fd89c-402c-47f9-8348-1d5d4f4dfc19,2025-04-08 04:14:19
948f93c2-4ab1-4603-9f29-74f7b3ec60df,455d67a7-3b70-4d92-b4dd-5513198a7448,2025-04-14 06:14:19
948f93c2-4ab1-4603-9f29-74f7b3ec60df,3295f28f-ae27-4aef-9282-f339d86f01e6,2025-04-16 10:14:19
948f93c2-4ab1-4603-9f29-74f7b3ec60df,a6b291cc-d7b8-492a-b76c-7140ad0481de,2025-04-13 06:14:19
948f93c2-4ab1-4603-9f29-74f7b3ec60df,7d5c9055-9283-4e29-8919-977c7c3924ae,2025-04-23 07:14:19
948f93c2-4ab1-4603-9f29-74f7b3ec60df,76f9e3a4-e9b1-4558-84b8-df7d0f0c207e,2025-04-04 08:14:19
948f93c2-4ab1-4603-9f29-74f7b3ec60df,592abf8b-8e14-4cbf-877e-39073ddf7e14,2025-04-14 05:14:19
948f93c2-4ab1-4603-9f29-74f7b3ec60df,38daae54-12c6-4fee-a3a6-27ff9231bcab,2025-04-01 06:14:19
948f93c2-4ab1-4603-9f29-74f7b3ec60df,0bc2b803-a4b2-4904-87c7-778e4e0dc386,2025-04-14 09:14:19
9ef6f80b-28fd-4e23-aaed-a550afa99df3,f55bcbcb-80d5-4f53-ab85-86c378a282d1,2025-04-13 19:14:19
9ef6f80b-28fd-4e23-aaed-a550afa99df3,0bc2b803-a4b2-4904-87c7-778e4e0dc386,2025-04-25 21:14:19
9ef6f80b-28fd-4e23-aaed-a550afa99df3,61951655-c53c-4d63-b106-0d49a2d2bda0,2025-04-09 23:14:19
9ef6f80b-28fd-4e23-aaed-a550afa99df3,81e73472-aa8f-480f-ba90-2d920861dac4,2025-03-29 15:14:19
9ef6f80b-28fd-4e23-aaed-a550afa99df3,07b04e83-6831-4c96-8ae4-bf6a1516a1af,2025-04-12 06:14:19
9ef6f80b-28fd-4e23-aaed-a550afa99df3,0530e5a0-a0fa-4bc9-bb51-7ffbe612c483,2025-03-28 23:14:19
9ef6f80b-28fd-4e23-aaed-a550afa99df3,76f9e3a4-e9b1-4558-84b8-df7d0f0c207e,2025-03-31 20:14:19
9ef6f80b-28fd-4e23-aaed-a550afa99df3,3295f28f-ae27-4aef-9282-f339d86f01e6,2025-04-24 06:14:19
9ef6f80b-28fd-4e23-aaed-a550afa99df3,a6b291cc-d7b8-492a-b76c-7140ad0481de,2025-04-09 04:14:19
9ef6f80b-28fd-4e23-aaed-a550afa99df3,38daae54-12c6-4fee-a3a6-27ff9231bcab,2025-04-04 11:14:19
9ef6f80b-28fd-4e23-aaed-a550afa99df3,6bb03cb2-f7d7-4b01-aff8-2d72c8290b43,2025-04-13 22:14:19
9f17e11e-b5e8-471e-9d4f-8e8933a1f926,109259f1-e86f-4f8d-b609-de787a1aebf5,2025-03-30 21:14:19
9f17e11e-b5e8-471e-9d4f-8e8933a1f926,730c8652-243b-4952-b801-5a6892121f4d,2025-04-08 20:14:19
9f17e11e-b5e8-471e-9d4f-8e8933a1f926,8791b6c1-ada6-4161-aaef-785c126bfb59,2025-04-26 06:14:19
9f17e11e-b5e8-471e-9d4f-8e8933a1f926,0bc2b803-a4b2-4904-87c7-778e4e0dc386,2025-04-04 15:14:19
9f17e11e-b5e8-471e-9d4f-8e8933a1f926,d599828a-13b8-45bc-933c-56768f2084f9,2025-04-03 03:14:19
9f17e11e-b5e8-471e-9d4f-8e8933a1f926,708315a8-6234-4854-96b1-561e1c4263d5,2025-04-20 04:14:19
9f17e11e-b5e8-471e-9d4f-8e8933a1f926,7eea0579-8f63-4e3e-ae94-9b0fb54d1560,2025-04-22 11:14:19
9f17e11e-b5e8-471e-9d4f-8e8933a1f926,fedb3ea8-4a2b-4915-be0e-6ce5bc931bb9,2025-04-13 16:14:19
9f17e11e-b5e8-471e-9d4f-8e8933a1f926,80edd5c0-40cd-4e55-96d6-51bc6431e15b,2025-04-24 14:14:19
9f17e11e-b5e8-471e-9d4f-8e8933a1f926,491f5a55-311b-4666-9bd0-9803ec55acad,2025-04-07 19:14:19
9f17e11e-b5e8-471e-9d4f-8e8933a1f926,f6433938-b9b5-4fc0-9655-3a9d7366d1a2,2025-03-31 18:14:19
9f17e11e-b5e8-471e-9d4f-8e8933a1f926,c0f21334-95d7-48d5-8709-723d83da036e,2025-04-08 06:14:19
9f17e11e-b5e8-471e-9d4f-8e8933a1f926,38daae54-12c6-4fee-a3a6-27ff9231bcab,2025-04-02 15:14:19
9f17e11e-b5e8-471e-9d4f-8e8933a1f926,647ff3b8-c03b-4241-bc45-41498236e958,2025-04-26 09:14:19
9f17e11e-b5e8-471e-9d4f-8e8933a1f926,81e73472-aa8f-480f-ba90-2d920861dac4,2025-04-15 20:14:19
9f17e11e-b5e8-471e-9d4f-8e8933a1f926,f55bcbcb-80d5-4f53-ab85-86c378a282d1,2025-04-09 11:14:19
9f17e11e-b5e8-471e-9d4f-8e8933a1f926,93f9aca4-8ce9-4085-ab83-2b4c6be24536,2025-04-15 01:14:19
9f17e11e-b5e8-471e-9d4f-8e8933a1f926,8d4e5557-1f32-4ff0-9b1f-e94077bbcbe0,2025-04-01 08:14:19
a6056087-0b24-423c-af21-76d06eb6458a,592abf8b-8e14-4cbf-877e-39073ddf7e14,2025-04-10 11:14:19
a6056087-0b24-423c-af21-76d06eb6458a,8791b6c1-ada6-4161-aaef-785c126bfb59,2025-03-27 13:14:19
a6056087-0b24-423c-af21-76d06eb6458a,8d4e5557-1f32-4ff0-9b1f-e94077bbcbe0,2025-04-05 14:14:19
a6056087-0b24-423c-af21-76d06eb6458a,61951655-c53c-4d63-b106-0d49a2d2bda0,2025-04-24 03:14:19
a6056087-0b24-423c-af21-76d06eb6458a,07b04e83-6831-4c96-8ae4-bf6a1516a1af,2025-04-27 05:14:19
a6056087-0b24-423c-af21-76d06eb6458a,7eea0579-8f63-4e3e-ae94-9b0fb54d1560,2025-04-09 18:14:19
a6056087-0b24-423c-af21-76d06eb6458a,d599828a-13b8-45bc-933c-56768f2084f9,2025-04-14 21:14:19
a6056087-0b24-423c-af21-76d06eb6458a,d86e87d6-6eb1-454e-9d7f-18f7fd617736,2025-03-27 13:14:19
a6056087-0b24-423c-af21-76d06eb6458a,491f5a55-311b-4666-9bd0-9803ec55acad,2025-04-16 16:14:19
a6056087-0b24-423c-af21-76d06eb6458a,b2a9c4ea-eff0-40cc-9eb6-e9d28d9d7689,2025-04-10 00:14:19
a6056087-0b24-423c-af21-76d06eb6458a,f6433938-b9b5-4fc0-9655-3a9d7366d1a2,2025-04-15 04:14:19
a6056087-0b24-423c-af21-76d06eb6458a,0611d11b-5bb4-48be-a1a4-f43d0d4c9da7,2025-04-17 03:14:19
a6056087-0b24-423c-af21-76d06eb6458a,730c8652-243b-4952-b801-5a6892121f4d,2025-03-27 07:14:19
a6056087-0b24-423c-af21-76d06eb6458a,ec2dff2b-f43f-477e-9779-a01203b3c75f,2025-04-10 01:14:19
a6056087-0b24-423c-af21-76d06eb6458a,38daae54-12c6-4fee-a3a6-27ff9231bcab,2025-04-08 15:14:19
a6056087-0b24-423c-af21-76d06eb6458a,93f9aca4-8ce9-4085-ab83-2b4c6be24536,2025-04-19 02:14:19
b7d8c342-8962-42e9-809b-3c619964b591,708315a8-6234-4854-96b1-561e1c4263d5,2025-04-26 03:14:19
b7d8c342-8962-42e9-809b-3c619964b591,1a213842-3b9b-4e5e-899e-765e24f5bd95,2025-04-26 04:14:19
b7d8c342-8962-42e9-809b-3c619964b591,a89392fe-19fa-480c-9ff3-aee2a92abfb0,2025-04-17 11:14:19
b7d8c342-8962-42e9-809b-3c619964b591,61951655-c53c-4d63-b106-0d49a2d2bda0,2025-04-23 22:14:19
b7d8c342-8962-42e9-809b-3c619964b591,d46fd89c-402c-47f9-8348-1d5d4f4dfc19,2025-04-17 22:14:19
b7d8c342-8962-42e9-809b-3c619964b591,730c8652-243b-4952-b801-5a6892121f4d,2025-04-14 03:14:19
b7d8c342-8962-42e9-809b-3c619964b591,fedb3ea8-4a2b-4915-be0e-6ce5bc931bb9,2025-04-08 03:14:19
b7d8c342-8962-42e9-809b-3c619964b591,ec2dff2b-f43f-477e-9779-a01203b3c75f,2025-04-14 21:14:19
b7d8c342-8962-42e9-809b-3c619964b591,8791b6c1-ada6-4161-aaef-785c126bfb59,2025-04-03 18:14:19
b7d8c342-8962-42e9-809b-3c619964b591,d86e87d6-6eb1-454e-9d7f-18f7fd617736,2025-04-21 09:14:19
b7d8c342-8962-42e9-809b-3c619964b591,8d4e5557-1f32-4ff0-9b1f-e94077bbcbe0,2025-03-29 03:14:19
b7d8c342-8962-42e9-809b-3c619964b591,0611d11b-5bb4-48be-a1a4-f43d0d4c9da7,2025-03-28 00:14:19
b7d8c342-8962-42e9-809b-3c619964b591,282aedae-ae42-48fa-8a25-ad3f4a4d725a,2025-04-04 08:14:19
b7d8c342-8962-42e9-809b-3c619964b591,76f9e3a4-e9b1-4558-84b8-df7d0f0c207e,2025-04-07 09:14:19
b7d8c342-8962-42e9-809b-3c619964b591,38daae54-12c6-4fee-a3a6-27ff9231bcab,2025-04-08 21:14:19
b7d8c342-8962-42e9-809b-3c619964b591,3295f28f-ae27-4aef-9282-f339d86f01e6,2025-04-26 15:14:19
bdd6ec91-8717-4fd5-b20e-86bd9e8c8e37,647ff3b8-c03b-4241-bc45-41498236e958,2025-03-27 22:14:19
bdd6ec91-8717-4fd5-b20e-86bd9e8c8e37,1a213842-3b9b-4e5e-899e-765e24f5bd95,2025-04-23 23:14:19
bdd6ec91-8717-4fd5-b20e-86bd9e8c8e37,9b0a3c24-3ee4-494b-998f-0db426e0d562,2025-04-25 02:14:19
bdd6ec91-8717-4fd5-b20e-86bd9e8c8e37,0bc2b803-a4b2-4904-87c7-778e4e0dc386,2025-03-27 18:14:19
bdd6ec91-8717-4fd5-b20e-86bd9e8c8e37,ec2dff2b-f43f-477e-9779-a01203b3c75f,2025-04-02 19:14:19
bdd6ec91-8717-4fd5-b20e-86bd9e8c8e37,a6b291cc-d7b8-492a-b76c-7140ad0481de,2025-04-09 14:14:19
bdd6ec91-8717-4fd5-b20e-86bd9e8c8e37,6bb03cb2-f7d7-4b01-aff8-2d72c8290b43,2025-04-10 21:14:19
bdd6ec91-8717-4fd5-b20e-86bd9e8c8e37,07b04e83-6831-4c96-8ae4-bf6a1516a1af,2025-04-06 13:14:19
bdd6ec91-8717-4fd5-b20e-86bd9e8c8e37,fedb3ea8-4a2b-4915-be0e-6ce5bc931bb9,2025-04-19 20:14:19
bdd6ec91-8717-4fd5-b20e-86bd9e8c8e37,c0f21334-95d7-48d5-8709-723d83da036e,2025-04-15 01:14:19
bdd6ec91-8717-4fd5-b20e-86bd9e8c8e37,66ffb7c6-62f7-490c-8729-270732c4449f,2025-04-08 23:14:19
ca5ca249-3bbd-41a2-9b32-dcfc066bf191,fedb3ea8-4a2b-4915-be0e-6ce5bc931bb9,2025-04-03 21:14:19
ca5ca249-3bbd-41a2-9b32-dcfc066bf191,3295f28f-ae27-4aef-9282-f339d86f01e6,2025-04-16 01:14:19
ca5ca249-3bbd-41a2-9b32-dcfc066bf191,6bb03cb2-f7d7-4b01-aff8-2d72c8290b43,2025-04-20 14:14:19
ca5ca249-3bbd-41a2-9b32-dcfc066bf191,80edd5c0-40cd-4e55-96d6-51bc6431e15b,2025-04-05 02:14:19
ca5ca249-3bbd-41a2-9b32-dcfc066bf191,282aedae-ae42-48fa-8a25-ad3f4a4d725a,2025-04-04 09:14:19
ca5ca249-3bbd-41a2-9b32-dcfc066bf191,61951655-c53c-4d63-b106-0d49a2d2bda0,2025-03-29 22:14:19
ca5ca249-3bbd-41a2-9b32-dcfc066bf191,f6433938-b9b5-4fc0-9655-3a9d7366d1a2,2025-04-22 22:14:19
ca5ca249-3bbd-41a2-9b32-dcfc066bf191,f55bcbcb-80d5-4f53-ab85-86c378a282d1,2025-04-09 08:14:19
ca5ca249-3bbd-41a2-9b32-dcfc066bf191,d599828a-13b8-45bc-933c-56768f2084f9,2025-04-14 23:14:19
ca5ca249-3bbd-41a2-9b32-dcfc066bf191,b2a9c4ea-eff0-40cc-9eb6-e9d28d9d7689,2025-04-16 12:14:19
ca5ca249-3bbd-41a2-9b32-dcfc066bf191,592abf8b-8e14-4cbf-877e-39073ddf7e14,2025-04-06 15:14:19
d187c6b1-56f7-4d88-a540-cf2bff976a91,81e73472-aa8f-480f-ba90-2d920861dac4,2025-04-10 13:14:19
d187c6b1-56f7-4d88-a540-cf2bff976a91,c0f21334-95d7-48d5-8709-723d83da036e,2025-04-01 08:14:19
d187c6b1-56f7-4d88-a540-cf2bff976a91,93f9aca4-8ce9-4085-ab83-2b4c6be24536,2025-04-02 06:14:19
d187c6b1-56f7-4d88-a540-cf2bff976a91,d46fd89c-402c-47f9-8348-1d5d4f4dfc19,2025-04-05 16:14:19
d187c6b1-56f7-4d88-a540-cf2bff976a91,7eea0579-8f63-4e3e-ae94-9b0fb54d1560,2025-04-22 06:14:19
d187c6b1-56f7-4d88-a540-cf2bff976a91,f55bcbcb-80d5-4f53-ab85-86c378a282d1,2025-04-02 01:14:19
d187c6b1-56f7-4d88-a540-cf2bff976a91,a89392fe-19fa-480c-9ff3-aee2a92abfb0,2025-04-02 12:14:19
d187c6b1-56f7-4d88-a540-cf2bff976a91,61951655-c53c-4d63-b106-0d49a2d2bda0,2025-04-16 10:14:19
d187c6b1-56f7-4d88-a540-cf2bff976a91,80edd5c0-40cd-4e55-96d6-51bc6431e15b,2025-04-25 05:14:19
d187c6b1-56f7-4d88-a540-cf2bff976a91,b2a9c4ea-eff0-40cc-9eb6-e9d28d9d7689,2025-04-26 00:14:19
d187c6b1-56f7-4d88-a540-cf2bff976a91,0611d11b-5bb4-48be-a1a4-f43d0d4c9da7,2025-03-27 17:14:19
d187c6b1-56f7-4d88-a540-cf2bff976a91,647ff3b8-c03b-4241-bc45-41498236e958,2025-03-28 22:14:19
ee808861-4d4a-4782-98a9-9e67dd42b4f3,10be1cc6-0b57-40bd-b77d-3bd727832088,2025-04-05 19:14:19
ee808861-4d4a-4782-98a9-9e67dd42b4f3,d599828a-13b8-45bc-933c-56768f2084f9,2025-04-22 02:14:19
ee808861-4d4a-4782-98a9-9e67dd42b4f3,38daae54-12c6-4fee-a3a6-27ff9231bcab,2025-03-30 09:14:19
ee808861-4d4a-4782-98a9-9e67dd42b4f3,d86e87d6-6eb1-454e-9d7f-18f7fd617736,2025-03-30 01:14:19
ee808861-4d4a-4782-98a9-9e67dd42b4f3,a6b291cc-d7b8-492a-b76c-7140ad0481de,2025-03-30 10:14:19
ee808861-4d4a-4782-98a9-9e67dd42b4f3,0530e5a0-a0fa-4bc9-bb51-7ffbe612c483,2025-04-13 10:14:19
ee808861-4d4a-4782-98a9-9e67dd42b4f3,282aedae-ae42-48fa-8a25-ad3f4a4d725a,2025-04-02 23:14:19
ee808861-4d4a-4782-98a9-9e67dd42b4f3,7d5c9055-9283-4e29-8919-977c7c3924ae,2025-04-25 16:14:19
ee808861-4d4a-4782-98a9-9e67dd42b4f3,81e73472-aa8f-480f-ba90-2d920861dac4,2025-04-15 10:14:19
ee808861-4d4a-4782-98a9-9e67dd42b4f3,ec2dff2b-f43f-477e-9779-a01203b3c75f,2025-04-14 17:14:19
f207a0f2-6d65-4c18-a267-d7ec84274c7a,7eea0579-8f63-4e3e-ae94-9b0fb54d1560,2025-04-24 06:14:19
f207a0f2-6d65-4c18-a267-d7ec84274c7a,647ff3b8-c03b-4241-bc45-41498236e958,2025-04-04 23:14:19
f207a0f2-6d65-4c18-a267-d7ec84274c7a,491f5a55-311b-4666-9bd0-9803ec55acad,2025-04-17 04:14:19
f207a0f2-6d65-4c18-a267-d7ec84274c7a,1a213842-3b9b-4e5e-899e-765e24f5bd95,2025-04-12 18:14:19
f207a0f2-6d65-4c18-a267-d7ec84274c7a,a6b291cc-d7b8-492a-b76c-7140ad0481de,2025-04-09 22:14:19
f207a0f2-6d65-4c18-a267-d7ec84274c7a,a89392fe-19fa-480c-9ff3-aee2a92abfb0,2025-04-26 11:14:19
f207a0f2-6d65-4c18-a267-d7ec84274c7a,3295f28f-ae27-4aef-9282-f339d86f01e6,2025-04-19 14:14:19
f207a0f2-6d65-4c18-a267-d7ec84274c7a,76f9e3a4-e9b1-4558-84b8-df7d0f0c207e,2025-04-10 05:14:19
f207a0f2-6d65-4c18-a267-d7ec84274c7a,6bb03cb2-f7d7-4b01-aff8-2d72c8290b43,2025-04-08 19:14:19
f207a0f2-6d65-4c18-a267-d7ec84274c7a,93f9aca4-8ce9-4085-ab83-2b4c6be24536,2025-04-06 05:14:19
f207a0f2-6d65-4c18-a267-d7ec84274c7a,592abf8b-8e14-4cbf-877e-39073ddf7e14,2025-04-16 07:14:19
f207a0f2-6d65-4c18-a267-d7ec84274c7a,8791b6c1-ada6-4161-aaef-785c126bfb59,2025-04-19 17:14:19
f207a0f2-6d65-4c18-a267-d7ec84274c7a,10be1cc6-0b57-40bd-b77d-3bd727832088,2025-03-29 05:14:19
f207a0f2-6d65-4c18-a267-d7ec84274c7a,0530e5a0-a0fa-4bc9-bb51-7ffbe612c483,2025-04-14 21:14:19
f207a0f2-6d65-4c18-a267-d7ec84274c7a,455d67a7-3b70-4d92-b4dd-5513198a7448,2025-04-16 01:14:19
f207a0f2-6d65-4c18-a267-d7ec84274c7a,730c8652-243b-4952-b801-5a6892121f4d,2025-04-05 10:14:19
f207a0f2-6d65-4c18-a267-d7ec84274c7a,b2a9c4ea-eff0-40cc-9eb6-e9d28d9d7689,2025-04-25 02:14:19
f207a0f2-6d65-4c18-a267-d7ec84274c7a,282aedae-ae42-48fa-8a25-ad3f4a4d725a,2025-04-23 17:14:19
f207a0f2-6d65-4c18-a267-d7ec84274c7a,d599828a-13b8-45bc-933c-56768f2084f9,2025-04-13 10:14:19
f207a0f2-6d65-4c18-a267-d7ec84274c7a,f6433938-b9b5-4fc0-9655-3a9d7366d1a2,2025-04-26 00:14:19
fe3baf1f-29b5-48da-9c31-004f8636043b,850571e6-5543-416f-b135-20ea0f82c45d,2025-04-25 17:14:19
fe3baf1f-29b5-48da-9c31-004f8636043b,b2a9c4ea-eff0-40cc-9eb6-e9d28d9d7689,2025-03-28 05:14:19
fe3baf1f-29b5-48da-9c31-004f8636043b,282aedae-ae42-48fa-8a25-ad3f4a4d725a,2025-03-27 07:14:19
fe3baf1f-29b5-48da-9c31-004f8636043b,491f5a55-311b-4666-9bd0-9803ec55acad,2025-03-29 17:14:19
fe3baf1f-29b5-48da-9c31-004f8636043b,80edd5c0-40cd-4e55-96d6-51bc6431e15b,2025-04-13 00:14:19
fe3baf1f-29b5-48da-9c31-004f8636043b,1a213842-3b9b-4e5e-899e-765e24f5bd95,2025-04-04 07:14:19
fe3baf1f-29b5-48da-9c31-004f8636043b,c0f21334-95d7-48d5-8709-723d83da036e,2025-04-24 05:14:19
fe3baf1f-29b5-48da-9c31-004f8636043b,10be1cc6-0b57-40bd-b77d-3bd727832088,2025-03-28 11:14:19
fe3baf1f-29b5-48da-9c31-004f8636043b,d86e87d6-6eb1-454e-9d7f-18f7fd617736,2025-04-09 06:14:19
fe3baf1f-29b5-48da-9c31-004f8636043b,7d5c9055-9283-4e29-8919-977c7c3924ae,2025-04-07 21:14:19
fe3baf1f-29b5-48da-9c31-004f8636043b,455d67a7-3b70-4d92-b4dd-5513198a7448,2025-04-19 07:14:19
fe3baf1f-29b5-48da-9c31-004f8636043b,7eea0579-8f63-4e3e-ae94-9b0fb54d1560,2025-04-16 01:14:19
